,pred_1,pred_2,pred_3,pred_4
1. muł,85.5,0.0,0.25,14.249999999999998
2. muł/piasek/odpady,3.0,11.0,69.5,16.5
3. piasek drobnoziarnisty,15.0,14.000000000000002,42.25,28.749999999999996
4. piasek gruboziarnisty,65.5,3.75,9.25,21.5
