,pred_1,pred_2,pred_3,pred_4
1. muł,90.5,4.25,0.25,5.0
2. muł/piasek/odpady,4.0,47.5,39.25,9.25
3. piasek drobnoziarnisty,14.499999999999998,48.0,28.999999999999996,8.5
4. piasek gruboziarnisty,39.75,11.75,1.7500000000000002,46.75
