,pred_1,pred_2,pred_3,pred_4
1. muł,82.75,15.75,0.0,1.5
2. muł/piasek/odpady,8.0,18.75,20.75,52.5
3. piasek drobnoziarnisty,24.0,30.5,16.5,28.999999999999996
4. piasek gruboziarnisty,37.25,14.000000000000002,0.75,48.0
