,pred_1,pred_2,pred_3,pred_4
1. muł,89.5,0.5,0.0,10.0
2. muł/piasek/odpady,1.5,19.0,65.5,14.000000000000002
3. piasek drobnoziarnisty,8.75,25.75,38.25,27.250000000000004
4. piasek gruboziarnisty,65.5,6.0,5.25,23.25
