,pred_1,pred_2,pred_3,pred_4
1. muł,100.0,0.0,0.0,0.0
2. muł/piasek/odpady,0.0,61.75000000000001,26.0,12.25
3. piasek drobnoziarnisty,0.25,22.25,37.5,40.0
4. piasek gruboziarnisty,0.0,13.750000000000002,15.75,70.5
